employee_name,employee_role,employee_level,years_experience,team_size,reviewer_type,review_date,review_text,leadership_score,strategic_thinking_score,communication_score,technical_skills_score,problem_solving_score,team_collaboration_score,innovation_score,decision_making_score,adaptability_score,mentoring_score,customer_focus_score,results_delivery_score,strengths,development_areas,overall_rating
Sarah Chen,VP Engineering,VP,12,8,Manager,2024-04-15,"Sarah demonstrates exceptional leadership by inspiring the team to achieve ambitious goals. Sarah effectively guides the team through challenges and provides clear direction. Sarah provides strong strategic direction and has a clear vision for the organization's future.",0.95,0.92,0.88,0.75,0.86,0.82,0.79,0.91,0.84,0.89,0.77,0.93,Exceptional strategic vision and ability to align teams with company goals,Could benefit from more hands-on involvement in day-to-day operations,0.87
Sarah Chen,VP Engineering,VP,12,8,Peer,2024-03-22,"Sarah communicates complex ideas clearly and ensures everyone understands the context. Sarah is an excellent presenter and can articulate technical concepts to non-technical stakeholders. Sarah has been instrumental in helping Jennifer Kim develop their skills and confidence.",0.89,0.94,0.96,0.71,0.83,0.87,0.74,0.88,0.81,0.92,0.79,0.89,Strong executive presence and stakeholder management skills,Opportunity to further develop next-generation leadership pipeline,0.86
Jennifer Kim,Director Engineering,Director,9,6,Manager,2024-04-02,"Jennifer demonstrates exceptional leadership by inspiring the team to achieve ambitious goals. Jennifer communicates complex ideas clearly and ensures everyone understands the context. Jennifer effectively balances strategic thinking with hands-on execution and team development.",0.88,0.82,0.91,0.94,0.89,0.95,0.85,0.87,0.83,0.91,0.78,0.86,Strong leadership skills and ability to drive team performance,Would benefit from developing more strategic thinking capabilities,0.87
Jennifer Kim,Director Engineering,Director,9,6,Peer,2024-03-18,"Jennifer goes out of their way to help James Wilson succeed and celebrates their achievements. Jennifer and David Thompson work incredibly well together and complement each other's strengths. Jennifer sometimes spends too much time on details and could benefit from focusing on the bigger picture.",0.85,0.79,0.89,0.96,0.91,0.93,0.82,0.84,0.81,0.88,0.76,0.83,Excellent project management and delivery capabilities,Opportunity to improve executive communication and presentation skills,0.85
Michael Rodriguez,Director Product,Director,8,5,Manager,2024-04-08,"Michael is very results-driven, but sometimes this competitive nature can create tension in collaborative settings. Michael effectively balances strategic thinking with hands-on execution and team development.",0.82,0.87,0.78,0.71,0.88,0.74,0.86,0.89,0.85,0.79,0.92,0.94,Strong leadership skills and ability to drive team performance,Would benefit from developing more strategic thinking capabilities,0.83
Michael Rodriguez,Director Product,Director,8,5,Peer,2024-03-25,"While Michael delivers results, they sometimes take credit for work that was largely done by Lisa Wang. Michael tends to dismiss Lisa Wang's contributions during team meetings.",0.79,0.84,0.73,0.68,0.85,0.69,0.81,0.86,0.82,0.75,0.89,0.91,Good strategic thinking and cross-functional collaboration,Opportunity to improve executive communication and presentation skills,0.80
David Thompson,Senior Manager,Manager,6,4,Manager,2024-04-12,"David communicates complex ideas clearly and ensures everyone understands the context. David provides constructive feedback that helps team members grow and improve.",0.84,0.76,0.92,0.65,0.81,0.89,0.73,0.78,0.87,0.86,0.74,0.82,Strong team leadership and people management skills,Would benefit from developing more advanced leadership skills,0.81
Lisa Wang,Product Manager,Professional,4,0,Peer,2024-04-05,"Lisa is very results-driven, but sometimes this competitive nature can create tension in collaborative settings. Lisa and Maria Garcia work incredibly well together and complement each other's strengths.",0.76,0.82,0.79,0.58,0.87,0.85,0.91,0.73,0.84,0.71,0.88,0.89,Strong technical expertise and problem-solving skills,Would benefit from developing leadership and mentoring skills,0.78
Alex Johnson,Senior Developer,Professional,5,0,Peer,2024-03-28,"Alex is a solid contributor who consistently delivers quality work.",0.68,0.64,0.71,0.92,0.89,0.82,0.76,0.69,0.79,0.74,0.67,0.85,Strong technical expertise and problem-solving skills,Would benefit from developing leadership and mentoring skills,0.76
Maria Garcia,UX Designer,Professional,3,0,Peer,2024-04-01,"Maria communicates complex ideas clearly and ensures everyone understands the context. Maria and Lisa Wang work incredibly well together and complement each other's strengths.",0.71,0.69,0.88,0.63,0.82,0.89,0.94,0.72,0.86,0.68,0.91,0.76,Excellent attention to detail and quality of work,Opportunity to improve strategic thinking and business acumen,0.79
James Wilson,Junior Developer,Graduate,1,0,Manager,2024-04-10,"James shows great potential and is eager to learn, though sometimes needs more guidance on complex projects.",0.58,0.51,0.74,0.81,0.78,0.85,0.67,0.56,0.82,0.72,0.62,0.71,Quick learner with strong technical foundation,Would benefit from developing more advanced technical skills,0.70